date	province/state	country/region	confirmed	deaths	recovered	updated
2020-01-22	Hubei	Mainland China	444			2020-01-22 12:00:00
2020-01-22	Guangdong	Mainland China	26			2020-01-22 12:00:00
2020-01-22	Beijing	Mainland China	14			2020-01-22 12:00:00
2020-01-22	Zhejiang	Mainland China	10			2020-01-22 12:00:00
2020-01-22	Shanghai	Mainland China	9			2020-01-22 12:00:00
2020-01-22	Chongqing	Mainland China	6			2020-01-22 12:00:00
2020-01-22	Henan	Mainland China	5			2020-01-22 12:00:00
2020-01-22	Sichuan	Mainland China	5			2020-01-22 12:00:00
2020-01-22	Hainan	Mainland China	4			2020-01-22 12:00:00
2020-01-22	Hunan	Mainland China	4			2020-01-22 12:00:00
2020-01-22	Tianjin	Mainland China	4			2020-01-22 12:00:00
2020-01-22		Japan	2			2020-01-22 12:00:00
2020-01-22	Guangxi	Mainland China	2			2020-01-22 12:00:00
2020-01-22	Jiangxi	Mainland China	2			2020-01-22 12:00:00
2020-01-22	Liaoning	Mainland China	2			2020-01-22 12:00:00
2020-01-22	Shandong	Mainland China	2			2020-01-22 12:00:00
2020-01-22		Thailand	2			2020-01-22 12:00:00
2020-01-22	Macau	Macau	1			2020-01-22 12:00:00
2020-01-22	Anhui	Mainland China	1			2020-01-22 12:00:00
2020-01-22	Fujian	Mainland China	1			2020-01-22 12:00:00
2020-01-22	Guizhou	Mainland China	1			2020-01-22 12:00:00
2020-01-22	Hebei	Mainland China	1			2020-01-22 12:00:00
2020-01-22	Jiangsu	Mainland China	1			2020-01-22 12:00:00
2020-01-22	Ningxia	Mainland China	1			2020-01-22 12:00:00
2020-01-22	Shanxi	Mainland China	1			2020-01-22 12:00:00
2020-01-22	Yunnan	Mainland China	1			2020-01-22 12:00:00
2020-01-22		South Korea	1			2020-01-22 12:00:00
2020-01-22	Taiwan	Taiwan	1			2020-01-22 12:00:00
2020-01-22	Washington	US	1			2020-01-22 12:00:00
2020-01-22	Hong Kong	Hong Kong				2020-01-22 12:00:00
2020-01-22	Gansu	Mainland China				2020-01-22 12:00:00
2020-01-22	Heilongjiang	Mainland China				2020-01-22 12:00:00
2020-01-22	Inner Mongolia	Mainland China				2020-01-22 12:00:00
2020-01-22	Jilin	Mainland China				2020-01-22 12:00:00
2020-01-22	Qinghai	Mainland China				2020-01-22 12:00:00
2020-01-22	Shaanxi	Mainland China				2020-01-22 12:00:00
2020-01-22	Tibet	Mainland China				2020-01-22 12:00:00
2020-01-22	Xinjiang	Mainland China				2020-01-22 12:00:00
2020-01-23	Hubei	Mainland China	444	17	28	0020-01-23 12:00:00
2020-01-23	Guangdong	Mainland China	32		2	0020-01-23 12:00:00
2020-01-23	Zhejiang	Mainland China	27			0020-01-23 12:00:00
2020-01-23	Beijing	Mainland China	22			0020-01-23 12:00:00
2020-01-23	Shanghai	Mainland China	16			0020-01-23 12:00:00
2020-01-23	Anhui	Mainland China	9			0020-01-23 12:00:00
2020-01-23	Chongqing	Mainland China	9			0020-01-23 12:00:00
2020-01-23	Hunan	Mainland China	9			0020-01-23 12:00:00
2020-01-23	Sichuan	Mainland China	8			0020-01-23 12:00:00
2020-01-23	Jiangxi	Mainland China	7			0020-01-23 12:00:00
2020-01-23	Shandong	Mainland China	6			0020-01-23 12:00:00
2020-01-23	Fujian	Mainland China	5			0020-01-23 12:00:00
2020-01-23	Guangxi	Mainland China	5			0020-01-23 12:00:00
2020-01-23	Hainan	Mainland China	5			0020-01-23 12:00:00
2020-01-23	Henan	Mainland China	5			0020-01-23 12:00:00
2020-01-23	Jiangsu	Mainland China	5			0020-01-23 12:00:00
2020-01-23	Tianjin	Mainland China	4			0020-01-23 12:00:00
2020-01-23	Guizhou	Mainland China	3			0020-01-23 12:00:00
2020-01-23	Liaoning	Mainland China	3			0020-01-23 12:00:00
2020-01-23	Shaanxi	Mainland China	3			0020-01-23 12:00:00
2020-01-23		Thailand	3			0020-01-23 12:00:00
2020-01-23	Hong Kong	Hong Kong	2			0020-01-23 12:00:00
2020-01-23	Macau	Macau	2			0020-01-23 12:00:00
2020-01-23	Gansu	Mainland China	2			0020-01-23 12:00:00
2020-01-23	Heilongjiang	Mainland China	2			0020-01-23 12:00:00
2020-01-23	Xinjiang	Mainland China	2			0020-01-23 12:00:00
2020-01-23	Yunnan	Mainland China	2			0020-01-23 12:00:00
2020-01-23		Vietnam	2			0020-01-23 12:00:00
2020-01-23	Hebei	Mainland China	1	1		0020-01-23 12:00:00
2020-01-23		Japan	1			0020-01-23 12:00:00
2020-01-23	Jilin	Mainland China	1			0020-01-23 12:00:00
2020-01-23	Ningxia	Mainland China	1			0020-01-23 12:00:00
2020-01-23	Shanxi	Mainland China	1			0020-01-23 12:00:00
2020-01-23		Singapore	1			0020-01-23 12:00:00
2020-01-23		South Korea	1			0020-01-23 12:00:00
2020-01-23	Taiwan	Taiwan	1			0020-01-23 12:00:00
2020-01-23	Washington	US	1			0020-01-23 12:00:00
2020-01-23		Australia				0020-01-23 12:00:00
2020-01-23		Brazil				0020-01-23 12:00:00
2020-01-23		Colombia				0020-01-23 12:00:00
2020-01-23	Inner Mongolia	Mainland China				0020-01-23 12:00:00
2020-01-23	Qinghai	Mainland China				0020-01-23 12:00:00
2020-01-23	Tibet	Mainland China				0020-01-23 12:00:00
2020-01-23		Malaysia				0020-01-23 12:00:00
2020-01-23		Mexico				0020-01-23 12:00:00
2020-01-23		Philippines				0020-01-23 12:00:00
2020-01-24	Hubei	Mainland China	549	24	31	2020-01-24 12:00:00
2020-01-24	Guangdong	Mainland China	53		2	2020-01-24 12:00:00
2020-01-24	Zhejiang	Mainland China	43		1	2020-01-24 12:00:00
2020-01-24	Beijing	Mainland China	36		1	2020-01-24 12:00:00
2020-01-24	Chongqing	Mainland China	27			2020-01-24 12:00:00
2020-01-24	Hunan	Mainland China	24			2020-01-24 12:00:00
2020-01-24	Guangxi	Mainland China	23			2020-01-24 12:00:00
2020-01-24	Shanghai	Mainland China	20		1	2020-01-24 12:00:00
2020-01-24	Jiangxi	Mainland China	18			2020-01-24 12:00:00
2020-01-24	Anhui	Mainland China	15			2020-01-24 12:00:00
2020-01-24	Shandong	Mainland China	15			2020-01-24 12:00:00
2020-01-24	Sichuan	Mainland China	15			2020-01-24 12:00:00
2020-01-24	Fujian	Mainland China	10			2020-01-24 12:00:00
2020-01-24	Henan	Mainland China	9			2020-01-24 12:00:00
2020-01-24	Jiangsu	Mainland China	9			2020-01-24 12:00:00
2020-01-24	Hainan	Mainland China	8			2020-01-24 12:00:00
2020-01-24	Tianjin	Mainland China	8			2020-01-24 12:00:00
2020-01-24	Shaanxi	Mainland China	5			2020-01-24 12:00:00
2020-01-24	Yunnan	Mainland China	5			2020-01-24 12:00:00
2020-01-24		Thailand	5			2020-01-24 12:00:00
2020-01-24	Heilongjiang	Mainland China	4	1		2020-01-24 12:00:00
2020-01-24	Liaoning	Mainland China	4			2020-01-24 12:00:00
2020-01-24	Guizhou	Mainland China	3			2020-01-24 12:00:00
2020-01-24	Jilin	Mainland China	3			2020-01-24 12:00:00
2020-01-24		Singapore	3			2020-01-24 12:00:00
2020-01-24	Taiwan	Taiwan	3			2020-01-24 12:00:00
2020-01-24	Hebei	Mainland China	2	1		2020-01-24 12:00:00
2020-01-24		France	2			2020-01-24 04:00:00
2020-01-24	Hong Kong	Hong Kong	2			2020-01-24 12:00:00
2020-01-24		Japan	2			2020-01-24 12:00:00
2020-01-24	Macau	Macau	2			2020-01-24 12:00:00
2020-01-24	Gansu	Mainland China	2			2020-01-24 12:00:00
2020-01-24	Ningxia	Mainland China	2			2020-01-24 12:00:00
2020-01-24	Xinjiang	Mainland China	2			2020-01-24 12:00:00
2020-01-24		South Korea	2			2020-01-24 12:00:00
2020-01-24		Vietnam	2			2020-01-24 12:00:00
2020-01-24	Inner Mongolia	Mainland China	1			2020-01-24 12:00:00
2020-01-24	Shanxi	Mainland China	1			2020-01-24 12:00:00
2020-01-24	Chicago	US	1			2020-01-24 12:00:00
2020-01-24	Washington	US	1			2020-01-24 12:00:00
2020-01-24	Qinghai	Mainland China				2020-01-24 12:00:00
2020-01-25	Hubei	Mainland China	1052	52	42	2020-01-25 10:00:00
2020-01-25	Hubei	Mainland China	761	40	32	2020-01-25 12:00:00
2020-01-25	Zhejiang	Mainland China	104		1	2020-01-25 10:00:00
2020-01-25	Guangdong	Mainland China	98		2	2020-01-25 12:00:00
2020-01-25	Henan	Mainland China	83	1		2020-01-25 12:00:00
2020-01-25	Chongqing	Mainland China	75			2020-01-25 12:00:00
2020-01-25	Hunan	Mainland China	69			2020-01-25 12:00:00
2020-01-25	Zhejiang	Mainland China	62		1	2020-01-25 12:00:00
2020-01-25	Anhui	Mainland China	60			2020-01-25 12:00:00
2020-01-25	Beijing	Mainland China	51		2	2020-01-25 12:00:00
2020-01-25	Sichuan	Mainland China	44			2020-01-25 12:00:00
2020-01-25	Shanghai	Mainland China	40	1	1	2020-01-25 12:00:00
2020-01-25	Shandong	Mainland China	39			2020-01-25 12:00:00
2020-01-25	Jiangxi	Mainland China	36			2020-01-25 12:00:00
2020-01-25	Guangxi	Mainland China	33			2020-01-25 12:00:00
2020-01-25	Jiangsu	Mainland China	31		1	2020-01-25 12:00:00
2020-01-25	Hainan	Mainland China	19			2020-01-25 12:00:00
2020-01-25	Liaoning	Mainland China	19			2020-01-25 12:00:00
2020-01-25	Fujian	Mainland China	18	1		2020-01-25 12:00:00
2020-01-25	Heilongjiang	Mainland China	15	1		2020-01-25 12:00:00
2020-01-25	Shaanxi	Mainland China	15			2020-01-25 12:00:00
2020-01-25	Hebei	Mainland China	13	1		2020-01-25 12:00:00
2020-01-25	Tianjin	Mainland China	13			2020-01-25 12:00:00
2020-01-25	Yunnan	Mainland China	11			2020-01-25 12:00:00
2020-01-25	Shanxi	Mainland China	9			2020-01-25 12:00:00
2020-01-25	Gansu	Mainland China	7			2020-01-25 12:00:00
2020-01-25	Inner Mongolia	Mainland China	7			2020-01-25 12:00:00
2020-01-25		Thailand	7			2020-01-25 12:00:00
2020-01-25		Thailand	7			2020-01-25 12:00:00
2020-01-25	Hong Kong	Hong Kong	5			2020-01-25 12:00:00
2020-01-25	Guizhou	Mainland China	5			2020-01-25 12:00:00
2020-01-25		Australia	4			2020-01-25 12:00:00
2020-01-25		Australia	4			2020-01-25 12:00:00
2020-01-25	Jilin	Mainland China	4			2020-01-25 12:00:00
2020-01-25	Ningxia	Mainland China	4			2020-01-25 12:00:00
2020-01-25	Xinjiang	Mainland China	4			2020-01-25 12:00:00
2020-01-25		France	3			2020-01-25 12:00:00
2020-01-25		France	3			2020-01-25 12:00:00
2020-01-25		Malaysia	3			2020-01-25 12:00:00
2020-01-25		Malaysia	3			2020-01-25 12:00:00
2020-01-25		Singapore	3			2020-01-25 12:00:00
2020-01-25		Singapore	3			2020-01-25 12:00:00
2020-01-25		South Korea	3			2020-01-25 12:00:00
2020-01-25	Taiwan	Taiwan	3			2020-01-25 12:00:00
2020-01-25		Japan	2			2020-01-25 12:00:00
2020-01-25		Japan	2			2020-01-25 12:00:00
2020-01-25	Macau	Macau	2			2020-01-25 12:00:00
2020-01-25		South Korea	2			2020-01-25 12:00:00
2020-01-25		Vietnam	2			2020-01-25 12:00:00
2020-01-25		Vietnam	2			2020-01-25 12:00:00
2020-01-25	Qinghai	Mainland China	1			2020-01-25 12:00:00
2020-01-25		Nepal	1			2020-01-25 12:00:00
2020-01-25		Nepal	1			2020-01-25 12:00:00
2020-01-25	Illinois	US	1			2020-01-25 12:00:00
2020-01-25	Washington	US	1			2020-01-25 12:00:00
2020-01-26	Hubei	Mainland China	1423	76	44	2020-01-26 23:00:00
2020-01-26	Guangdong	Mainland China	146		2	2020-01-26 23:00:00
2020-01-26	Henan	Mainland China	128	1		2020-01-26 23:00:00
2020-01-26	Zhejiang	Mainland China	128		1	2020-01-26 23:00:00
2020-01-26	Chongqing	Mainland China	110			2020-01-26 23:00:00
2020-01-26	Hunan	Mainland China	100			2020-01-26 23:00:00
2020-01-26	Anhui	Mainland China	70			2020-01-26 23:00:00
2020-01-26	Sichuan	Mainland China	69			2020-01-26 23:00:00
2020-01-26	Beijing	Mainland China	68		2	2020-01-26 23:00:00
2020-01-26	Shandong	Mainland China	63			2020-01-26 23:00:00
2020-01-26	Shanghai	Mainland China	53	1	1	2020-01-26 23:00:00
2020-01-26	Jiangxi	Mainland China	48			2020-01-26 23:00:00
2020-01-26	Jiangsu	Mainland China	47		1	2020-01-26 23:00:00
2020-01-26	Guangxi	Mainland China	46			2020-01-26 23:00:00
2020-01-26	Fujian	Mainland China	35			2020-01-26 23:00:00
2020-01-26	Liaoning	Mainland China	23			2020-01-26 23:00:00
2020-01-26	Hainan	Mainland China	22			2020-01-26 23:00:00
2020-01-26	Shaanxi	Mainland China	22			2020-01-26 23:00:00
2020-01-26	Heilongjiang	Mainland China	21	1		2020-01-26 23:00:00
2020-01-26	Yunnan	Mainland China	19			2020-01-26 23:00:00
2020-01-26	Hebei	Mainland China	18	1		2020-01-26 23:00:00
2020-01-26	Gansu	Mainland China	14			2020-01-26 23:00:00
2020-01-26	Tianjin	Mainland China	14			2020-01-26 23:00:00
2020-01-26	Shanxi	Mainland China	13			2020-01-26 23:00:00
2020-01-26	Inner Mongolia	Mainland China	11			2020-01-26 23:00:00
2020-01-26	Hong Kong	Hong Kong	8			2020-01-26 23:00:00
2020-01-26		Thailand	8		2	2020-01-26 23:00:00
2020-01-26	Guizhou	Mainland China	7			2020-01-26 23:00:00
2020-01-26	Macau	Macau	6			2020-01-26 23:00:00
2020-01-26	Jilin	Mainland China	6			2020-01-26 23:00:00
2020-01-26	Xinjiang	Mainland China	5			2020-01-26 23:00:00
2020-01-26		Australia	4			2020-01-26 23:00:00
2020-01-26		Japan	4		1	2020-01-26 23:00:00
2020-01-26	Ningxia	Mainland China	4			2020-01-26 23:00:00
2020-01-26	Qinghai	Mainland China	4			2020-01-26 23:00:00
2020-01-26		Malaysia	4			2020-01-26 23:00:00
2020-01-26		Singapore	4			2020-01-26 23:00:00
2020-01-26	Taiwan	Taiwan	4			2020-01-26 23:00:00
2020-01-26		France	3			2020-01-26 23:00:00
2020-01-26		South Korea	3			2020-01-26 23:00:00
2020-01-26	California	US	2			2020-01-26 23:00:00
2020-01-26		Vietnam	2			2020-01-26 23:00:00
2020-01-26	Ontario	Canada	1			2020-01-26 23:00:00
2020-01-26		Nepal	1			2020-01-26 23:00:00
2020-01-26	Arizona	US	1			2020-01-26 23:00:00
2020-01-26	Illinois	US	1			2020-01-26 23:00:00
2020-01-26	Washington	US	1			2020-01-26 23:00:00
2020-01-27	Hubei	Mainland China	2714	100	47	2020-01-27 20:30:00
2020-01-27	Zhejiang	Mainland China	173		1	2020-01-27 20:30:00
2020-01-27	Henan	Mainland China	168	1		2020-01-27 20:30:00
2020-01-27	Guangdong	Mainland China	151		4	2020-01-27 20:30:00
2020-01-27	Chongqing	Mainland China	132			2020-01-27 20:30:00
2020-01-27	Anhui	Mainland China	106			2020-01-27 20:30:00
2020-01-27	Hunan	Mainland China	100			2020-01-27 20:30:00
2020-01-27	Sichuan	Mainland China	90			2020-01-27 20:30:00
2020-01-27	Shandong	Mainland China	87	1		2020-01-27 20:30:00
2020-01-27	Beijing	Mainland China	80	1	2	2020-01-27 20:30:00
2020-01-27	Jiangxi	Mainland China	72		2	2020-01-27 20:30:00
2020-01-27	Jiangsu	Mainland China	70		1	2020-01-27 20:30:00
2020-01-27	Shanghai	Mainland China	66	1	3	2020-01-27 20:30:00
2020-01-27	Fujian	Mainland China	59			2020-01-27 20:30:00
2020-01-27	Guangxi	Mainland China	51			2020-01-27 20:30:00
2020-01-27	Shaanxi	Mainland China	35			2020-01-27 20:30:00
2020-01-27	Hainan	Mainland China	33	1		2020-01-27 20:30:00
2020-01-27	Hebei	Mainland China	33	1		2020-01-27 20:30:00
2020-01-27	Heilongjiang	Mainland China	30	1		2020-01-27 20:30:00
2020-01-27	Liaoning	Mainland China	27			2020-01-27 20:30:00
2020-01-27	Yunnan	Mainland China	26			2020-01-27 20:30:00
2020-01-27	Tianjin	Mainland China	23			2020-01-27 20:30:00
2020-01-27	Shanxi	Mainland China	20			2020-01-27 20:30:00
2020-01-27	Gansu	Mainland China	19			2020-01-27 20:30:00
2020-01-27	Inner Mongolia	Mainland China	11			2020-01-27 20:30:00
2020-01-27	Guizhou	Mainland China	9			2020-01-27 20:30:00
2020-01-27	Hong Kong	Hong Kong	8			2020-01-27 20:30:00
2020-01-27		Thailand	8		2	2020-01-27 20:30:00
2020-01-27	Ningxia	Mainland China	7			2020-01-27 20:30:00
2020-01-27	Macau	Macau	6			2020-01-27 20:30:00
2020-01-27	Jilin	Mainland China	6			2020-01-27 20:30:00
2020-01-27	Qinghai	Mainland China	6			2020-01-27 20:30:00
2020-01-27	Xinjiang	Mainland China	5			2020-01-27 20:30:00
2020-01-27		Singapore	5			2020-01-27 20:30:00
2020-01-27	Taiwan	Taiwan	5			2020-01-27 20:30:00
2020-01-27	New South Wales	Australia	4			2020-01-27 20:30:00
2020-01-27		Japan	4		1	2020-01-27 20:30:00
2020-01-27		Malaysia	4			2020-01-27 20:30:00
2020-01-27		South Korea	4			2020-01-27 20:30:00
2020-01-27		France	3			2020-01-27 20:30:00
2020-01-27	California	US	2			2020-01-27 20:30:00
2020-01-27		Vietnam	2			2020-01-27 20:30:00
2020-01-27	Victoria	Australia	1			2020-01-27 20:30:00
2020-01-27		Cambodia	1			2020-01-27 20:30:00
2020-01-27	Ontario	Canada	1			2020-01-27 20:30:00
2020-01-27	Bavaria	Germany	1			2020-01-27 20:30:00
2020-01-27		Nepal	1			2020-01-27 20:30:00
2020-01-27		Sri Lanka	1			2020-01-27 20:30:00
2020-01-27	Arizona	US	1			2020-01-27 20:30:00
2020-01-27	Illinois	US	1			2020-01-27 20:30:00
2020-01-27	Washington	US	1			2020-01-27 20:30:00
2020-01-27		Ivory Coast				2020-01-27 20:30:00
2020-01-28	Hubei	Mainland China	3554	125	80	2020-01-28 18:00:00
2020-01-28	Hubei	Mainland China	3554	125	80	2020-01-28 23:00:00
2020-01-28	Hubei	Mainland China	2714	100	52	2020-01-28 13:00:00
2020-01-28	Zhejiang	Mainland China	296		3	2020-01-28 23:00:00
2020-01-28	Guangdong	Mainland China	241		5	2020-01-28 23:00:00
2020-01-28	Hunan	Mainland China	221			2020-01-28 23:00:00
2020-01-28	Guangdong	Mainland China	207		4	2020-01-28 18:00:00
2020-01-28	Guangdong	Mainland China	207		4	2020-01-28 13:00:00
2020-01-28	Henan	Mainland China	206	2	1	2020-01-28 23:00:00
2020-01-28	Zhejiang	Mainland China	173		3	2020-01-28 18:00:00
2020-01-28	Zhejiang	Mainland China	173		3	2020-01-28 13:00:00
2020-01-28	Henan	Mainland China	168	1		2020-01-28 18:00:00
2020-01-28	Henan	Mainland China	168	1		2020-01-28 13:00:00
2020-01-28	Anhui	Mainland China	152			2020-01-28 23:00:00
2020-01-28	Chongqing	Mainland China	147		1	2020-01-28 23:00:00
2020-01-28	Hunan	Mainland China	143			2020-01-28 18:00:00
2020-01-28	Hunan	Mainland China	143			2020-01-28 13:00:00
2020-01-28	Chongqing	Mainland China	132			2020-01-28 18:00:00
2020-01-28	Chongqing	Mainland China	132			2020-01-28 13:00:00
2020-01-28	Shandong	Mainland China	121			2020-01-28 23:00:00
2020-01-28	Jiangxi	Mainland China	109		3	2020-01-28 18:00:00
2020-01-28	Jiangxi	Mainland China	109		3	2020-01-28 23:00:00
2020-01-28	Sichuan	Mainland China	108			2020-01-28 23:00:00
2020-01-28	Anhui	Mainland China	106			2020-01-28 18:00:00
2020-01-28	Anhui	Mainland China	106			2020-01-28 13:00:00
2020-01-28	Jiangsu	Mainland China	99		1	2020-01-28 23:00:00
2020-01-28	Shandong	Mainland China	95			2020-01-28 18:00:00
2020-01-28	Shandong	Mainland China	95			2020-01-28 13:00:00
2020-01-28	Beijing	Mainland China	91	1	4	2020-01-28 18:00:00
2020-01-28	Beijing	Mainland China	91	1	4	2020-01-28 13:00:00
2020-01-28	Beijing	Mainland China	91	1	4	2020-01-28 23:00:00
2020-01-28	Sichuan	Mainland China	90			2020-01-28 18:00:00
2020-01-28	Sichuan	Mainland China	90			2020-01-28 13:00:00
2020-01-28	Fujian	Mainland China	82			2020-01-28 23:00:00
2020-01-28	Shanghai	Mainland China	80	1	4	2020-01-28 23:00:00
2020-01-28	Fujian	Mainland China	80			2020-01-28 18:00:00
2020-01-28	Fujian	Mainland China	80			2020-01-28 13:00:00
2020-01-28	Jiangxi	Mainland China	72		3	2020-01-28 13:00:00
2020-01-28	Jiangsu	Mainland China	70		1	2020-01-28 18:00:00
2020-01-28	Jiangsu	Mainland China	70		1	2020-01-28 13:00:00
2020-01-28	Shanghai	Mainland China	66	1	4	2020-01-28 18:00:00
2020-01-28	Shanghai	Mainland China	66	1	4	2020-01-28 13:00:00
2020-01-28	Guangxi	Mainland China	58		2	2020-01-28 23:00:00
2020-01-28	Shaanxi	Mainland China	56			2020-01-28 23:00:00
2020-01-28	Guangxi	Mainland China	51		2	2020-01-28 18:00:00
2020-01-28	Guangxi	Mainland China	51		2	2020-01-28 13:00:00
2020-01-28	Hebei	Mainland China	48	1		2020-01-28 23:00:00
2020-01-28	Shaanxi	Mainland China	46			2020-01-28 18:00:00
2020-01-28	Shaanxi	Mainland China	46			2020-01-28 13:00:00
2020-01-28	Yunnan	Mainland China	44			2020-01-28 18:00:00
2020-01-28	Yunnan	Mainland China	44			2020-01-28 13:00:00
2020-01-28	Yunnan	Mainland China	44			2020-01-28 23:00:00
2020-01-28	Hainan	Mainland China	43	1		2020-01-28 23:00:00
2020-01-28	Hainan	Mainland China	40	1		2020-01-28 18:00:00
2020-01-28	Hainan	Mainland China	40	1		2020-01-28 13:00:00
2020-01-28	Heilongjiang	Mainland China	37	1		2020-01-28 23:00:00
2020-01-28	Liaoning	Mainland China	36			2020-01-28 23:00:00
2020-01-28	Liaoning	Mainland China	34			2020-01-28 18:00:00
2020-01-28	Liaoning	Mainland China	34			2020-01-28 13:00:00
2020-01-28	Hebei	Mainland China	33	1		2020-01-28 18:00:00
2020-01-28	Hebei	Mainland China	33	1		2020-01-28 13:00:00
2020-01-28	Heilongjiang	Mainland China	33	1		2020-01-28 18:00:00
2020-01-28	Heilongjiang	Mainland China	33	1		2020-01-28 13:00:00
2020-01-28	Shanxi	Mainland China	27			2020-01-28 18:00:00
2020-01-28	Shanxi	Mainland China	27			2020-01-28 23:00:00
2020-01-28	Tianjin	Mainland China	25			2020-01-28 23:00:00
2020-01-28	Gansu	Mainland China	24			2020-01-28 23:00:00
2020-01-28	Tianjin	Mainland China	24			2020-01-28 18:00:00
2020-01-28	Tianjin	Mainland China	24			2020-01-28 13:00:00
2020-01-28	Shanxi	Mainland China	20			2020-01-28 13:00:00
2020-01-28	Gansu	Mainland China	19			2020-01-28 18:00:00
2020-01-28	Gansu	Mainland China	19			2020-01-28 13:00:00
2020-01-28	Inner Mongolia	Mainland China	16			2020-01-28 23:00:00
2020-01-28	Inner Mongolia	Mainland China	15			2020-01-28 18:00:00
2020-01-28	Inner Mongolia	Mainland China	15			2020-01-28 13:00:00
2020-01-28		Thailand	14		5	2020-01-28 13:00:00
2020-01-28		Thailand	14		5	2020-01-28 23:00:00
2020-01-28		Thailand	14		5	2020-01-28 18:00:00
2020-01-28	Xinjiang	Mainland China	13			2020-01-28 23:00:00
2020-01-28	Ningxia	Mainland China	12			2020-01-28 23:00:00
2020-01-28	Ningxia	Mainland China	11			2020-01-28 18:00:00
2020-01-28	Ningxia	Mainland China	11			2020-01-28 13:00:00
2020-01-28	Xinjiang	Mainland China	10			2020-01-28 18:00:00
2020-01-28	Xinjiang	Mainland China	10			2020-01-28 13:00:00
2020-01-28	Guizhou	Mainland China	9			2020-01-28 23:00:00
2020-01-28	Guizhou	Mainland China	9			2020-01-28 18:00:00
2020-01-28	Guizhou	Mainland China	9			2020-01-28 13:00:00
2020-01-28	Jilin	Mainland China	9			2020-01-28 23:00:00
2020-01-28	Hong Kong	Hong Kong	8			2020-01-28 23:00:00
2020-01-28	Hong Kong	Hong Kong	8			2020-01-28 18:00:00
2020-01-28	Hong Kong	Hong Kong	8			2020-01-28 13:00:00
2020-01-28	Jilin	Mainland China	8			2020-01-28 18:00:00
2020-01-28	Jilin	Mainland China	8			2020-01-28 13:00:00
2020-01-28	Taiwan	Taiwan	8			2020-01-28 23:00:00
2020-01-28	Taiwan	Taiwan	8			2020-01-28 18:00:00
2020-01-28	Taiwan	Taiwan	8			2020-01-28 13:00:00
2020-01-28		Japan	7		1	2020-01-28 23:00:00
2020-01-28		Japan	7		1	2020-01-28 18:00:00
2020-01-28		Japan	7		1	2020-01-28 13:00:00
2020-01-28	Macau	Macau	7			2020-01-28 23:00:00
2020-01-28	Macau	Macau	7			2020-01-28 18:00:00
2020-01-28	Macau	Macau	7			2020-01-28 13:00:00
2020-01-28		Malaysia	7			2020-01-28 23:00:00
2020-01-28		Singapore	7			2020-01-28 13:00:00
2020-01-28		Singapore	7			2020-01-28 23:00:00
2020-01-28		Singapore	7			2020-01-28 18:00:00
2020-01-28	Qinghai	Mainland China	6			2020-01-28 23:00:00
2020-01-28	Qinghai	Mainland China	6			2020-01-28 18:00:00
2020-01-28	Qinghai	Mainland China	6			2020-01-28 13:00:00
2020-01-28	New South Wales	Australia	4			2020-01-28 13:00:00
2020-01-28	New South Wales	Australia	4			2020-01-28 23:00:00
2020-01-28	New South Wales	Australia	4			2020-01-28 18:00:00
2020-01-28		France	4			2020-01-28 23:00:00
2020-01-28		France	4			2020-01-28 18:00:00
2020-01-28	Bavaria	Germany	4			2020-01-28 23:00:00
2020-01-28	Bavaria	Germany	4			2020-01-28 18:00:00
2020-01-28		Malaysia	4			2020-01-28 13:00:00
2020-01-28		Malaysia	4			2020-01-28 18:00:00
2020-01-28		South Korea	4			2020-01-28 13:00:00
2020-01-28		South Korea	4			2020-01-28 23:00:00
2020-01-28		South Korea	4			2020-01-28 18:00:00
2020-01-28		France	3			2020-01-28 13:00:00
2020-01-28	Ontario	Canada	2			2020-01-28 13:00:00
2020-01-28	California	US	2			2020-01-28 23:00:00
2020-01-28	California	US	2			2020-01-28 18:00:00
2020-01-28	California	US	2			2020-01-28 13:00:00
2020-01-28		Vietnam	2			2020-01-28 13:00:00
2020-01-28		Vietnam	2			2020-01-28 23:00:00
2020-01-28		Vietnam	2			2020-01-28 18:00:00
2020-01-28	Victoria	Australia	1			2020-01-28 13:00:00
2020-01-28	Victoria	Australia	1			2020-01-28 23:00:00
2020-01-28	Victoria	Australia	1			2020-01-28 18:00:00
2020-01-28		Cambodia	1			2020-01-28 13:00:00
2020-01-28		Cambodia	1			2020-01-28 23:00:00
2020-01-28		Cambodia	1			2020-01-28 18:00:00
2020-01-28	British Columbia	Canada	1			2020-01-28 23:00:00
2020-01-28	British Columbia	Canada	1			2020-01-28 18:00:00
2020-01-28	Ontario	Canada	1			2020-01-28 23:00:00
2020-01-28	Ontario	Canada	1			2020-01-28 18:00:00
2020-01-28	Bavaria	Germany	1			2020-01-28 13:00:00
2020-01-28		Nepal	1			2020-01-28 13:00:00
2020-01-28		Nepal	1			2020-01-28 23:00:00
2020-01-28		Nepal	1			2020-01-28 18:00:00
2020-01-28		Sri Lanka	1			2020-01-28 13:00:00
2020-01-28		Sri Lanka	1			2020-01-28 23:00:00
2020-01-28		Sri Lanka	1			2020-01-28 18:00:00
2020-01-28	Arizona	US	1			2020-01-28 23:00:00
2020-01-28	Arizona	US	1			2020-01-28 18:00:00
2020-01-28	Arizona	US	1			2020-01-28 13:00:00
2020-01-28	Illinois	US	1			2020-01-28 23:00:00
2020-01-28	Illinois	US	1			2020-01-28 18:00:00
2020-01-28	Illinois	US	1			2020-01-28 13:00:00
2020-01-28	Washington	US	1			2020-01-28 18:00:00
2020-01-28	Washington	US	1			2020-01-28 13:00:00
2020-01-29	Hubei	Mainland China	3554	125	88	2020-01-29 14:30:00
2020-01-29	Zhejiang	Mainland China	296		3	2020-01-29 14:30:00
2020-01-29	Guangdong	Mainland China	277		5	2020-01-29 14:30:00
2020-01-29	Hunan	Mainland China	221			2020-01-29 14:30:00
2020-01-29	Henan	Mainland China	206	2	1	2020-01-29 14:30:00
2020-01-29	Anhui	Mainland China	152		2	2020-01-29 14:30:00
2020-01-29	Chongqing	Mainland China	147		1	2020-01-29 14:30:00
2020-01-29	Shandong	Mainland China	130		1	2020-01-29 14:30:00
2020-01-29	Beijing	Mainland China	111	1	4	2020-01-29 14:30:00
2020-01-29	Jiangxi	Mainland China	109		3	2020-01-29 14:30:00
2020-01-29	Sichuan	Mainland China	108	1	1	2020-01-29 14:30:00
2020-01-29	Jiangsu	Mainland China	99		1	2020-01-29 14:30:00
2020-01-29	Shanghai	Mainland China	96	1	5	2020-01-29 14:30:00
2020-01-29	Fujian	Mainland China	84			2020-01-29 14:30:00
2020-01-29	Guangxi	Mainland China	58		2	2020-01-29 14:30:00
2020-01-29	Shaanxi	Mainland China	56			2020-01-29 14:30:00
2020-01-29	Yunnan	Mainland China	55			2020-01-29 14:30:00
2020-01-29	Hebei	Mainland China	48	1		2020-01-29 14:30:00
2020-01-29	Hainan	Mainland China	43	1		2020-01-29 14:30:00
2020-01-29	Liaoning	Mainland China	39		1	2020-01-29 14:30:00
2020-01-29	Heilongjiang	Mainland China	38	1		2020-01-29 14:30:00
2020-01-29	Shanxi	Mainland China	27		1	2020-01-29 14:30:00
2020-01-29	Tianjin	Mainland China	27			2020-01-29 14:30:00
2020-01-29	Gansu	Mainland China	24			2020-01-29 14:30:00
2020-01-29	Inner Mongolia	Mainland China	16			2020-01-29 14:30:00
2020-01-29		Thailand	14		5	2020-01-29 14:30:00
2020-01-29	Xinjiang	Mainland China	13			2020-01-29 14:30:00
2020-01-29	Ningxia	Mainland China	12			2020-01-29 14:30:00
2020-01-29	Hong Kong	Hong Kong	10			2020-01-29 14:30:00
2020-01-29	Guizhou	Mainland China	9		1	2020-01-29 14:30:00
2020-01-29	Jilin	Mainland China	9			2020-01-29 14:30:00
2020-01-29	Taiwan	Taiwan	8			2020-01-29 14:30:00
2020-01-29		Japan	7		1	2020-01-29 14:30:00
2020-01-29	Macau	Macau	7			2020-01-29 14:30:00
2020-01-29		Malaysia	7			2020-01-29 14:30:00
2020-01-29		Singapore	7			2020-01-29 14:30:00
2020-01-29	Qinghai	Mainland China	6			2020-01-29 14:30:00
2020-01-29		France	5			2020-01-29 14:30:00
2020-01-29	New South Wales	Australia	4			2020-01-29 14:30:00
2020-01-29	Bavaria	Germany	4			2020-01-29 14:30:00
2020-01-29		South Korea	4			2020-01-29 14:30:00
2020-01-29		United Arab Emirates	4			2020-01-29 14:30:00
2020-01-29	California	US	2			2020-01-29 14:30:00
2020-01-29		Vietnam	2			2020-01-29 14:30:00
2020-01-29	Victoria	Australia	1			2020-01-29 14:30:00
2020-01-29		Cambodia	1			2020-01-29 14:30:00
2020-01-29	British Columbia	Canada	1			2020-01-29 14:30:00
2020-01-29	Ontario	Canada	1			2020-01-29 14:30:00
2020-01-29		Finland	1			2020-01-29 14:30:00
2020-01-29		Nepal	1			2020-01-29 14:30:00
2020-01-29		Sri Lanka	1			2020-01-29 14:30:00
2020-01-29	Arizona	US	1			2020-01-29 14:30:00
2020-01-29	Illinois	US	1			2020-01-29 14:30:00
2020-01-29	Washington	US	1			2020-01-29 14:30:00
2020-01-30	Hubei	Mainland China	5806	204	116	2020-01-30 21:30:00
2020-01-30	Zhejiang	Mainland China	537		9	2020-01-30 21:30:00
2020-01-30	Guangdong	Mainland China	393		11	2020-01-30 21:30:00
2020-01-30	Henan	Mainland China	352	2	3	2020-01-30 21:30:00
2020-01-30	Hunan	Mainland China	332		2	2020-01-30 21:30:00
2020-01-30	Jiangxi	Mainland China	240		7	2020-01-30 21:30:00
2020-01-30	Anhui	Mainland China	237		3	2020-01-30 21:30:00
2020-01-30	Chongqing	Mainland China	206		1	2020-01-30 21:30:00
2020-01-30	Shandong	Mainland China	178		2	2020-01-30 21:30:00
2020-01-30	Sichuan	Mainland China	177	1	1	2020-01-30 21:30:00
2020-01-30	Jiangsu	Mainland China	168		2	2020-01-30 21:30:00
2020-01-30	Shanghai	Mainland China	128	1	9	2020-01-30 21:30:00
2020-01-30	Beijing	Mainland China	121	1	5	2020-01-30 21:30:00
2020-01-30	Fujian	Mainland China	101			2020-01-30 21:30:00
2020-01-30	Guangxi	Mainland China	87		2	2020-01-30 21:30:00
2020-01-30	Shaanxi	Mainland China	87			2020-01-30 21:30:00
2020-01-30	Hebei	Mainland China	82	1		2020-01-30 21:30:00
2020-01-30	Yunnan	Mainland China	76			2020-01-30 21:30:00
2020-01-30	Heilongjiang	Mainland China	59	2		2020-01-30 21:30:00
2020-01-30	Hainan	Mainland China	50	1	1	2020-01-30 21:30:00
2020-01-30	Liaoning	Mainland China	45		1	2020-01-30 21:30:00
2020-01-30	Shanxi	Mainland China	39		1	2020-01-30 21:30:00
2020-01-30	Tianjin	Mainland China	32			2020-01-30 21:30:00
2020-01-30	Gansu	Mainland China	29			2020-01-30 21:30:00
2020-01-30	Ningxia	Mainland China	21		1	2020-01-30 21:30:00
2020-01-30	Inner Mongolia	Mainland China	20			2020-01-30 21:30:00
2020-01-30	Xinjiang	Mainland China	17			2020-01-30 21:30:00
2020-01-30	Guizhou	Mainland China	15		1	2020-01-30 21:30:00
2020-01-30	Jilin	Mainland China	14		1	2020-01-30 21:30:00
2020-01-30		Thailand	14		5	2020-01-30 21:30:00
2020-01-30	Hong Kong	Hong Kong	12			2020-01-30 21:30:00
2020-01-30		Japan	11		1	2020-01-30 21:30:00
2020-01-30		Singapore	10			2020-01-30 21:30:00
2020-01-30	Taiwan	Taiwan	9			2020-01-30 21:30:00
2020-01-30	Qinghai	Mainland China	8			2020-01-30 21:30:00
2020-01-30		Malaysia	8			2020-01-30 21:30:00
2020-01-30	Macau	Macau	7			2020-01-30 21:30:00
2020-01-30		South Korea	6			2020-01-30 21:30:00
2020-01-30		France	5			2020-01-30 21:30:00
2020-01-30	New South Wales	Australia	4		2	2020-01-30 21:30:00
2020-01-30	Bavaria	Germany	4			2020-01-30 21:30:00
2020-01-30		United Arab Emirates	4			2020-01-30 21:30:00
2020-01-30	Queensland	Australia	3			2020-01-30 21:30:00
2020-01-30	Victoria	Australia	2			2020-01-30 21:30:00
2020-01-30	Ontario	Canada	2			2020-01-30 21:30:00
2020-01-30		Italy	2			2020-01-30 21:30:00
2020-01-30	California	US	2			2020-01-30 21:30:00
2020-01-30	Illinois	US	2			2020-01-30 21:30:00
2020-01-30		Vietnam	2			2020-01-30 21:30:00
2020-01-30		Cambodia	1			2020-01-30 21:30:00
2020-01-30	British Columbia	Canada	1			2020-01-30 21:30:00
2020-01-30		Finland	1			2020-01-30 21:30:00
2020-01-30		India	1			2020-01-30 21:30:00
2020-01-30	Tibet	Mainland China	1			2020-01-30 21:30:00
2020-01-30		Nepal	1			2020-01-30 21:30:00
2020-01-30		Philippines	1			2020-01-30 21:30:00
2020-01-30		Sri Lanka	1			2020-01-30 21:30:00
2020-01-30	Arizona	US	1			2020-01-30 21:30:00
2020-01-30	Washington	US	1			2020-01-30 21:30:00
2020-01-31	Hubei	Mainland China	7153	249	169	2020-01-31 19:00:00
2020-01-31	Hubei	Mainland China	5806	204	141	2020-01-31 14:00:00
2020-01-31	Zhejiang	Mainland China	538		14	2020-01-31 14:00:00
2020-01-31	Zhejiang	Mainland China	537		14	2020-01-31 19:00:00
2020-01-31	Guangdong	Mainland China	436		10	2020-01-31 19:00:00
2020-01-31	Guangdong	Mainland China	436		11	2020-01-31 14:00:00
2020-01-31	Henan	Mainland China	352	2	3	2020-01-31 19:00:00
2020-01-31	Henan	Mainland China	352	2	3	2020-01-31 14:00:00
2020-01-31	Hunan	Mainland China	332		3	2020-01-31 19:00:00
2020-01-31	Hunan	Mainland China	332		2	2020-01-31 14:00:00
2020-01-31	Jiangxi	Mainland China	240		7	2020-01-31 19:00:00
2020-01-31	Jiangxi	Mainland China	240		7	2020-01-31 14:00:00
2020-01-31	Chongqing	Mainland China	238	1	1	2020-01-31 19:00:00
2020-01-31	Anhui	Mainland China	237		3	2020-01-31 19:00:00
2020-01-31	Anhui	Mainland China	237		3	2020-01-31 14:00:00
2020-01-31	Chongqing	Mainland China	211		1	2020-01-31 14:00:00
2020-01-31	Shandong	Mainland China	184		2	2020-01-31 19:00:00
2020-01-31	Shandong	Mainland China	184		2	2020-01-31 14:00:00
2020-01-31	Sichuan	Mainland China	177	1	1	2020-01-31 19:00:00
2020-01-31	Sichuan	Mainland China	177	1	1	2020-01-31 14:00:00
2020-01-31	Jiangsu	Mainland China	168		5	2020-01-31 19:00:00
2020-01-31	Jiangsu	Mainland China	168		5	2020-01-31 14:00:00
2020-01-31	Shanghai	Mainland China	153	1	9	2020-01-31 19:00:00
2020-01-31	Beijing	Mainland China	139	1	5	2020-01-31 19:00:00
2020-01-31	Beijing	Mainland China	139	1	5	2020-01-31 14:00:00
2020-01-31	Shanghai	Mainland China	135	1	9	2020-01-31 14:00:00
2020-01-31	Fujian	Mainland China	120			2020-01-31 19:00:00
2020-01-31	Fujian	Mainland China	120			2020-01-31 14:00:00
2020-01-31	Hebei	Mainland China	96	1		2020-01-31 19:00:00
2020-01-31	Guangxi	Mainland China	88		2	2020-01-31 19:00:00
2020-01-31	Guangxi	Mainland China	87		2	2020-01-31 14:00:00
2020-01-31	Shaanxi	Mainland China	87			2020-01-31 19:00:00
2020-01-31	Shaanxi	Mainland China	87			2020-01-31 14:00:00
2020-01-31	Yunnan	Mainland China	83		1	2020-01-31 19:00:00
2020-01-31	Yunnan	Mainland China	83		1	2020-01-31 14:00:00
2020-01-31	Hebei	Mainland China	82	1		2020-01-31 14:00:00
2020-01-31	Liaoning	Mainland China	60		1	2020-01-31 19:00:00
2020-01-31	Heilongjiang	Mainland China	59	2		2020-01-31 19:00:00
2020-01-31	Heilongjiang	Mainland China	59	2		2020-01-31 14:00:00
2020-01-31	Hainan	Mainland China	58	1	1	2020-01-31 19:00:00
2020-01-31	Hainan	Mainland China	52	1	1	2020-01-31 14:00:00
2020-01-31	Liaoning	Mainland China	48		1	2020-01-31 14:00:00
2020-01-31	Shanxi	Mainland China	47		1	2020-01-31 19:00:00
2020-01-31	Shanxi	Mainland China	39		1	2020-01-31 14:00:00
2020-01-31	Gansu	Mainland China	35			2020-01-31 19:00:00
2020-01-31	Tianjin	Mainland China	32			2020-01-31 19:00:00
2020-01-31	Tianjin	Mainland China	32			2020-01-31 14:00:00
2020-01-31	Gansu	Mainland China	29			2020-01-31 14:00:00
2020-01-31	Guizhou	Mainland China	29		2	2020-01-31 19:00:00
2020-01-31	Guizhou	Mainland China	29		2	2020-01-31 14:00:00
2020-01-31	Ningxia	Mainland China	21		1	2020-01-31 19:00:00
2020-01-31	Ningxia	Mainland China	21			2020-01-31 14:00:00
2020-01-31	Inner Mongolia	Mainland China	20			2020-01-31 19:00:00
2020-01-31	Inner Mongolia	Mainland China	20		1	2020-01-31 14:00:00
2020-01-31		Thailand	19		7	2020-01-31 19:00:00
2020-01-31		Thailand	19		5	2020-01-31 14:00:00
2020-01-31		Japan	17		1	2020-01-31 19:00:00
2020-01-31	Xinjiang	Mainland China	17			2020-01-31 19:00:00
2020-01-31	Xinjiang	Mainland China	17			2020-01-31 14:00:00
2020-01-31		Singapore	16			2020-01-31 19:00:00
2020-01-31		Japan	15		1	2020-01-31 14:00:00
2020-01-31	Jilin	Mainland China	14		1	2020-01-31 19:00:00
2020-01-31	Jilin	Mainland China	14		1	2020-01-31 14:00:00
2020-01-31	Hong Kong	Hong Kong	13			2020-01-31 19:00:00
2020-01-31		Singapore	13			2020-01-31 14:00:00
2020-01-31	Hong Kong	Hong Kong	12			2020-01-31 14:00:00
2020-01-31		South Korea	11			2020-01-31 19:00:00
2020-01-31		South Korea	11			2020-01-31 14:00:00
2020-01-31	Taiwan	Taiwan	10			2020-01-31 19:00:00
2020-01-31	Taiwan	Taiwan	10			2020-01-31 14:00:00
2020-01-31	Qinghai	Mainland China	8			2020-01-31 19:00:00
2020-01-31	Qinghai	Mainland China	8			2020-01-31 14:00:00
2020-01-31		Malaysia	8			2020-01-31 14:00:00
2020-01-31		Malaysia	8			2020-01-31 19:00:00
2020-01-31	Bavaria	Germany	7			2020-01-31 19:00:00
2020-01-31	Macau	Macau	7			2020-01-31 19:00:00
2020-01-31	Macau	Macau	7			2020-01-31 14:00:00
2020-01-31		France	6			2020-01-31 19:00:00
2020-01-31		France	5			2020-01-31 14:00:00
2020-01-31	Bavaria	Germany	5			2020-01-31 14:00:00
2020-01-31	New South Wales	Australia	4		2	2020-01-31 14:00:00
2020-01-31	New South Wales	Australia	4		2	2020-01-31 19:00:00
2020-01-31		United Arab Emirates	4			2020-01-31 14:00:00
2020-01-31		United Arab Emirates	4			2020-01-31 19:00:00
2020-01-31	Queensland	Australia	3			2020-01-31 19:00:00
2020-01-31	Victoria	Australia	3			2020-01-31 14:00:00
2020-01-31	California	US	3			2020-01-31 17:00:00
2020-01-31	California	US	3			2020-01-31 19:00:00
2020-01-31	Queensland	Australia	2			2020-01-31 14:00:00
2020-01-31	Victoria	Australia	2			2020-01-31 19:00:00
2020-01-31	Ontario	Canada	2			2020-01-31 14:00:00
2020-01-31	Ontario	Canada	2			2020-01-31 19:00:00
2020-01-31		Italy	2			2020-01-31 14:00:00
2020-01-31		Italy	2			2020-01-31 19:00:00
2020-01-31		Russia	2			2020-01-31 14:00:00
2020-01-31		Russia	2			2020-01-31 19:00:00
2020-01-31		UK	2			2020-01-31 19:00:00
2020-01-31		UK	2			2020-01-31 14:00:00
2020-01-31	Illinois	US	2			2020-01-31 14:00:00
2020-01-31	Illinois	US	2			2020-01-31 19:00:00
2020-01-31		Vietnam	2			2020-01-31 14:00:00
2020-01-31		Vietnam	2			2020-01-31 19:00:00
2020-01-31		Cambodia	1			2020-01-31 14:00:00
2020-01-31		Cambodia	1			2020-01-31 19:00:00
2020-01-31	British Columbia	Canada	1			2020-01-31 14:00:00
2020-01-31	British Columbia	Canada	1			2020-01-31 19:00:00
2020-01-31		Finland	1			2020-01-31 14:00:00
2020-01-31		Finland	1			2020-01-31 19:00:00
2020-01-31		India	1			2020-01-31 14:00:00
2020-01-31		India	1			2020-01-31 19:00:00
2020-01-31	Tibet	Mainland China	1			2020-01-31 19:00:00
2020-01-31	Tibet	Mainland China	1			2020-01-31 14:00:00
2020-01-31		Nepal	1			2020-01-31 14:00:00
2020-01-31		Nepal	1			2020-01-31 19:00:00
2020-01-31		Philippines	1			2020-01-31 14:00:00
2020-01-31		Philippines	1			2020-01-31 19:00:00
2020-01-31		Spain	1			2020-01-31 19:00:00
2020-01-31		Sri Lanka	1			2020-01-31 14:00:00
2020-01-31		Sri Lanka	1			2020-01-31 19:00:00
2020-01-31		Sweden	1			2020-01-31 14:00:00
2020-01-31		Sweden	1			2020-01-31 19:00:00
2020-01-31	Arizona	US	1			2020-01-31 14:00:00
2020-01-31	Arizona	US	1			2020-01-31 19:00:00
2020-01-31	Washington	US	1			2020-01-31 14:00:00
2020-01-31	Washington	US	1			2020-01-31 19:00:00
2020-02-01	Hubei	Mainland China	7153	249	168	2020-02-01 11:53:00
2020-02-01	Zhejiang	Mainland China	599		21	2020-02-01 10:53:00
2020-02-01	Guangdong	Mainland China	535		14	2020-02-01 14:23:00
2020-02-01	Henan	Mainland China	422	2	3	2020-02-01 01:52:00
2020-02-01	Hunan	Mainland China	389		8	2020-02-01 11:03:00
2020-02-01	Anhui	Mainland China	297		5	2020-02-01 13:33:00
2020-02-01	Jiangxi	Mainland China	286		9	2020-02-01 01:52:00
2020-02-01	Chongqing	Mainland China	247	1	3	2020-02-01 08:43:00
2020-02-01	Sichuan	Mainland China	207	1	3	2020-02-01 01:52:00
2020-02-01	Shandong	Mainland China	206		3	2020-02-01 07:51:00
2020-02-01	Jiangsu	Mainland China	202		6	2020-02-01 14:03:00
2020-02-01	Shanghai	Mainland China	169	1	10	2020-02-01 06:05:00
2020-02-01	Beijing	Mainland China	168	1	9	2020-02-01 09:17:00
2020-02-01	Fujian	Mainland China	144			2020-02-01 05:37:00
2020-02-01	Shaanxi	Mainland China	101			2020-02-01 05:37:00
2020-02-01	Guangxi	Mainland China	100		2	2020-02-01 01:52:00
2020-02-01	Hebei	Mainland China	96	1		2020-02-01 01:52:00
2020-02-01	Yunnan	Mainland China	93		2	2020-02-01 15:53:00
2020-02-01	Heilongjiang	Mainland China	80	2	2	2020-02-01 10:33:00
2020-02-01	Liaoning	Mainland China	64		1	2020-02-01 15:23:00
2020-02-01	Hainan	Mainland China	62	1	1	2020-02-01 08:43:00
2020-02-01	Shanxi	Mainland China	47		1	2020-02-01 01:52:00
2020-02-01	Tianjin	Mainland China	41			2020-02-01 15:43:00
2020-02-01	Gansu	Mainland China	40			2020-02-01 15:43:00
2020-02-01	Guizhou	Mainland China	29		2	2020-01-31 15:20:00
2020-02-01	Ningxia	Mainland China	26			2020-02-01 02:13:00
2020-02-01	Inner Mongolia	Mainland China	23		1	2020-02-01 05:37:00
2020-02-01		Japan	20		1	2020-02-01 18:53:00
2020-02-01		Thailand	19		5	2020-01-31 10:37:00
2020-02-01	Xinjiang	Mainland China	18			2020-02-01 05:37:00
2020-02-01	Jilin	Mainland China	17		1	2020-02-01 01:52:00
2020-02-01		Singapore	16			2020-02-01 05:37:00
2020-02-01	Hong Kong	Hong Kong	13			2020-02-01 05:37:00
2020-02-01		South Korea	12			2020-02-01 10:43:00
2020-02-01	Taiwan	Taiwan	10			2020-01-31 15:20:00
2020-02-01	Qinghai	Mainland China	9			2020-02-01 05:37:00
2020-02-01		Germany	8			2020-02-01 18:33:00
2020-02-01		Malaysia	8			2020-01-31 08:15:00
2020-02-01	Macau	Macau	7			2020-01-31 08:15:00
2020-02-01		France	6			2020-02-01 01:52:00
2020-02-01		Vietnam	6		1	2020-02-01 07:38:00
2020-02-01	New South Wales	Australia	4		2	2020-02-01 18:12:00
2020-02-01	Victoria	Australia	4			2020-02-01 18:12:00
2020-02-01		United Arab Emirates	4			2020-01-31 08:15:00
2020-02-01	Queensland	Australia	3			2020-02-01 18:12:00
2020-02-01	Ontario	Canada	3			2020-02-01 18:12:00
2020-02-01		Italy	2			2020-01-31 08:15:00
2020-02-01		Russia	2			2020-01-31 16:13:00
2020-02-01		UK	2			2020-02-01 01:52:00
2020-02-01	Chicago, IL	US	2			2020-02-01 19:43:00
2020-02-01	South Australia	Australia	1			2020-02-01 18:12:00
2020-02-01		Cambodia	1			2020-01-31 08:15:00
2020-02-01	British Columbia	Canada	1			2020-02-01 18:12:00
2020-02-01		Finland	1			2020-01-31 08:15:00
2020-02-01		India	1			2020-01-31 08:15:00
2020-02-01	Tibet	Mainland China	1			2020-02-01 01:52:00
2020-02-01		Nepal	1			2020-01-31 08:15:00
2020-02-01		Philippines	1			2020-02-01 17:43:00
2020-02-01		Spain	1			2020-02-01 02:13:00
2020-02-01		Sri Lanka	1			2020-01-31 08:15:00
2020-02-01		Sweden	1			2020-02-01 02:13:00
2020-02-01	Boston, MA	US	1			2020-02-01 19:43:00
2020-02-01	Los Angeles, CA	US	1			2020-02-01 19:53:00
2020-02-01	Orange, CA	US	1			2020-02-01 19:53:00
2020-02-01	Santa Clara, CA	US	1			2020-02-01 19:53:00
2020-02-01	Seattle, WA	US	1			2020-02-01 19:43:00
2020-02-01	Tempe, AZ	US	1			2020-02-01 19:43:00
2020-02-02	Hubei	Mainland China	9074	294	215	2020-02-01 23:33:00
2020-02-02	Zhejiang	Mainland China	661		23	2020-02-02 02:13:00
2020-02-02	Guangdong	Mainland China	604		14	2020-02-02 01:23:00
2020-02-02	Henan	Mainland China	493	2	4	2020-02-02 00:53:00
2020-02-02	Hunan	Mainland China	463		8	2020-02-02 01:53:00
2020-02-02	Anhui	Mainland China	340		5	2020-02-02 01:33:00
2020-02-02	Jiangxi	Mainland China	333		10	2020-02-02 01:23:00
2020-02-02	Chongqing	Mainland China	262	1	3	2020-02-01 23:43:00
2020-02-02	Jiangsu	Mainland China	236		6	2020-02-02 01:13:00
2020-02-02	Sichuan	Mainland China	231	1	3	2020-02-02 01:03:00
2020-02-02	Shandong	Mainland China	225		5	2020-02-02 01:03:00
2020-02-02	Beijing	Mainland China	183	1	9	2020-02-02 03:05:00
2020-02-02	Shanghai	Mainland China	177	1	10	2020-02-02 00:23:00
2020-02-02	Fujian	Mainland China	159			2020-02-02 03:43:00
2020-02-02	Shaanxi	Mainland China	116			2020-02-02 03:23:00
2020-02-02	Guangxi	Mainland China	111		2	2020-02-02 00:23:00
2020-02-02	Hebei	Mainland China	104	1	3	2020-02-02 02:53:00
2020-02-02	Heilongjiang	Mainland China	95	2	2	2020-02-02 03:23:00
2020-02-02	Yunnan	Mainland China	93		2	2020-02-01 15:53:00
2020-02-02	Liaoning	Mainland China	64		1	2020-02-01 15:23:00
2020-02-02	Hainan	Mainland China	63	1	1	2020-02-02 01:03:00
2020-02-02	Shanxi	Mainland China	56		1	2020-02-01 23:33:00
2020-02-02	Tianjin	Mainland China	45			2020-02-02 02:03:00
2020-02-02	Gansu	Mainland China	40			2020-02-01 15:43:00
2020-02-02	Guizhou	Mainland China	38		2	2020-02-02 01:03:00
2020-02-02	Ningxia	Mainland China	28			2020-02-02 01:43:00
2020-02-02	Inner Mongolia	Mainland China	27		1	2020-02-02 03:43:00
2020-02-02	Jilin	Mainland China	23		1	2020-02-02 02:33:00
2020-02-02	Xinjiang	Mainland China	21			2020-02-02 00:43:00
2020-02-02		Japan	20		1	2020-02-01 18:53:00
2020-02-02		Thailand	19		5	2020-01-31 10:37:00
2020-02-02		Singapore	18			2020-02-02 01:03:00
2020-02-02		South Korea	15			2020-02-02 02:23:00
2020-02-02	Hong Kong	Hong Kong	14			2020-02-02 01:03:00
2020-02-02	Taiwan	Taiwan	10			2020-01-31 15:20:00
2020-02-02	Qinghai	Mainland China	9			2020-02-01 05:37:00
2020-02-02		Germany	8			2020-02-01 23:33:00
2020-02-02		Malaysia	8			2020-01-31 08:15:00
2020-02-02	Macau	Macau	7			2020-01-31 08:15:00
2020-02-02		France	6			2020-02-01 01:52:00
2020-02-02		Vietnam	6		1	2020-02-01 07:38:00
2020-02-02	New South Wales	Australia	4		2	2020-02-01 18:12:00
2020-02-02	Victoria	Australia	4			2020-02-01 18:12:00
2020-02-02		United Arab Emirates	4			2020-01-31 08:15:00
2020-02-02	Queensland	Australia	3			2020-02-01 18:12:00
2020-02-02	Ontario	Canada	3			2020-02-01 18:12:00
2020-02-02		Philippines	2	1		2020-02-02 03:33:00
2020-02-02		Italy	2			2020-01-31 08:15:00
2020-02-02		Russia	2			2020-01-31 16:13:00
2020-02-02		UK	2			2020-02-01 01:52:00
2020-02-02	Chicago, IL	US	2			2020-02-01 19:43:00
2020-02-02	South Australia	Australia	1			2020-02-01 18:12:00
2020-02-02		Cambodia	1			2020-01-31 08:15:00
2020-02-02	British Columbia	Canada	1			2020-02-01 18:12:00
2020-02-02		Finland	1			2020-01-31 08:15:00
2020-02-02		India	1			2020-01-31 08:15:00
2020-02-02	Tibet	Mainland China	1			2020-02-01 01:52:00
2020-02-02		Nepal	1			2020-01-31 08:15:00
2020-02-02		Spain	1			2020-02-01 23:43:00
2020-02-02		Sri Lanka	1			2020-01-31 08:15:00
2020-02-02		Sweden	1			2020-02-01 02:13:00
2020-02-02	Boston, MA	US	1			2020-02-01 19:43:00
2020-02-02	Los Angeles, CA	US	1			2020-02-01 19:53:00
2020-02-02	Orange, CA	US	1			2020-02-01 19:53:00
2020-02-02	Santa Clara, CA	US	1			2020-02-01 19:53:00
2020-02-02	Seattle, WA	US	1			2020-02-01 19:43:00
2020-02-02	Tempe, AZ	US	1			2020-02-01 19:43:00
2020-02-03	Hubei	Mainland China	11177	350	295	0020-02-02 23:43:00
2020-02-03	Zhejiang	Mainland China	661		32	0020-02-02 18:03:00
2020-02-03	Guangdong	Mainland China	632		15	0020-02-02 18:03:00
2020-02-03	Henan	Mainland China	493	2	10	0020-02-02 18:03:00
2020-02-03	Hunan	Mainland China	463		16	0020-02-02 18:03:00
2020-02-03	Anhui	Mainland China	340		7	0020-02-02 18:03:00
2020-02-03	Jiangxi	Mainland China	333		12	0020-02-02 18:03:00
2020-02-03	Chongqing	Mainland China	300	2	7	0020-02-02 23:33:00
2020-02-03	Jiangsu	Mainland China	236		7	0020-02-02 18:03:00
2020-02-03	Sichuan	Mainland China	231	1	11	0020-02-02 18:03:00
2020-02-03	Shandong	Mainland China	230		6	0020-02-02 18:03:00
2020-02-03	Shanghai	Mainland China	193	1	10	0020-02-03 00:03:00
2020-02-03	Beijing	Mainland China	191	1	9	0020-02-02 08:43:00
2020-02-03	Fujian	Mainland China	159			0020-02-02 03:43:00
2020-02-03	Guangxi	Mainland China	127		2	0020-02-03 00:13:00
2020-02-03	Shaanxi	Mainland China	116			0020-02-02 03:23:00
2020-02-03	Hebei	Mainland China	113	1	3	0020-02-03 00:23:00
2020-02-03	Yunnan	Mainland China	105		3	0020-02-02 18:03:00
2020-02-03	Heilongjiang	Mainland China	95	2	2	0020-02-02 03:23:00
2020-02-03	Liaoning	Mainland China	70		1	0020-02-02 18:03:00
2020-02-03	Shanxi	Mainland China	66		3	0020-02-02 23:23:00
2020-02-03	Hainan	Mainland China	64	1	4	0020-02-02 18:03:00
2020-02-03	Gansu	Mainland China	51		3	0020-02-02 23:43:00
2020-02-03	Tianjin	Mainland China	48		1	0020-02-02 09:43:00
2020-02-03	Guizhou	Mainland China	38		2	0020-02-02 01:03:00
2020-02-03	Ningxia	Mainland China	28			0020-02-02 01:43:00
2020-02-03	Inner Mongolia	Mainland China	27		1	0020-02-02 03:43:00
2020-02-03	Jilin	Mainland China	23		1	0020-02-02 02:33:00
2020-02-03	Xinjiang	Mainland China	21			0020-02-02 00:43:00
2020-02-03		Japan	20		1	0020-02-01 18:53:00
2020-02-03		Singapore	18			0020-02-02 01:03:00
2020-02-03	Hong Kong	Hong Kong	15			0020-02-02 23:53:00
2020-02-03		South Korea	15			0020-02-02 02:23:00
2020-02-03	Qinghai	Mainland China	11			0020-02-02 05:33:00
2020-02-03		Germany	10			0020-02-02 18:03:00
2020-02-03	Macau	Macau	8			0020-02-02 04:23:00
2020-02-03		Malaysia	8			0020-01-31 08:15:00
2020-02-03		France	6			0020-02-01 01:52:00
2020-02-03		Vietnam	6		1	0020-02-01 07:38:00
2020-02-03		United Arab Emirates	5			0020-02-02 05:43:00
2020-02-03	New South Wales	Australia	4		2	0020-02-01 18:12:00
2020-02-03	Victoria	Australia	4			0020-02-01 18:12:00
2020-02-03	Ontario	Canada	3			0020-02-01 18:12:00
2020-02-03		Philippines	2	1		0020-02-02 03:33:00
2020-02-03	Queensland	Australia	2			0020-02-02 22:33:00
2020-02-03	South Australia	Australia	2			0020-02-02 22:33:00
2020-02-03		India	2			0020-02-02 06:03:00
2020-02-03		Italy	2			0020-01-31 08:15:00
2020-02-03		UK	2			0020-02-01 01:52:00
2020-02-03	Chicago, IL	US	2			0020-02-01 19:43:00
2020-02-03	Santa Clara, CA	US	2			0020-02-02 19:43:00
2020-02-03		Cambodia	1			0020-01-31 08:15:00
2020-02-03	British Columbia	Canada	1			0020-02-01 18:12:00
2020-02-03		Finland	1			0020-01-31 08:15:00
2020-02-03	Tibet	Mainland China	1			0020-02-01 01:52:00
2020-02-03		Nepal	1			0020-01-31 08:15:00
2020-02-03		Spain	1			0020-02-01 23:43:00
2020-02-03		Sri Lanka	1			0020-01-31 08:15:00
2020-02-03		Sweden	1			0020-02-01 02:13:00
2020-02-03	Boston, MA	US	1			0020-02-01 19:43:00
2020-02-03	Los Angeles, CA	US	1			0020-02-01 19:53:00
2020-02-03	Orange, CA	US	1			0020-02-01 19:53:00
2020-02-03	Seattle, WA	US	1			0020-02-01 19:43:00
2020-02-03	Tempe, AZ	US	1			0020-02-01 19:43:00
2020-02-04	Hubei	Mainland China	13522	414	396	0020-02-04 01:23:00
2020-02-04	Zhejiang	Mainland China	829		48	0020-02-04 01:43:00
2020-02-04	Guangdong	Mainland China	797		21	0020-02-04 01:43:00
2020-02-04	Henan	Mainland China	675	2	20	0020-02-04 01:23:00
2020-02-04	Hunan	Mainland China	593		22	0020-02-04 01:43:00
2020-02-04	Anhui	Mainland China	480		14	0020-02-04 00:43:00
2020-02-04	Jiangxi	Mainland China	476		19	0020-02-04 01:43:00
2020-02-04	Chongqing	Mainland China	337	2	9	0020-02-03 23:43:00
2020-02-04	Jiangsu	Mainland China	308		8	0020-02-04 01:03:00
2020-02-04	Sichuan	Mainland China	282	1	14	0020-02-04 01:43:00
2020-02-04	Shandong	Mainland China	270		7	0020-02-04 00:53:00
2020-02-04	Beijing	Mainland China	212	1	12	0020-02-03 09:23:00
2020-02-04	Shanghai	Mainland China	208	1	10	0020-02-04 00:13:00
2020-02-04	Fujian	Mainland China	179		1	0020-02-03 11:33:00
2020-02-04	Heilongjiang	Mainland China	155	2	2	0020-02-04 00:53:00
2020-02-04	Shaanxi	Mainland China	142		1	0020-02-04 02:33:00
2020-02-04	Guangxi	Mainland China	139		7	0020-02-04 00:33:00
2020-02-04	Hebei	Mainland China	126	1	3	0020-02-04 00:23:00
2020-02-04	Yunnan	Mainland China	117		5	0020-02-03 23:23:00
2020-02-04	Hainan	Mainland China	79	1	4	0020-02-04 00:43:00
2020-02-04	Liaoning	Mainland China	74		1	0020-02-03 17:11:00
2020-02-04	Shanxi	Mainland China	74		2	0020-02-03 23:13:00
2020-02-04	Tianjin	Mainland China	60		1	0020-02-03 13:53:00
2020-02-04	Guizhou	Mainland China	56		2	0020-02-04 01:03:00
2020-02-04	Gansu	Mainland China	55		3	0020-02-03 23:03:00
2020-02-04	Jilin	Mainland China	42		1	0020-02-04 00:23:00
2020-02-04	Inner Mongolia	Mainland China	34		1	0020-02-03 03:03:00
2020-02-04	Ningxia	Mainland China	34		1	0020-02-04 02:13:00
2020-02-04	Xinjiang	Mainland China	29			0020-02-04 01:33:00
2020-02-04		Japan	20		1	0020-02-01 18:53:00
2020-02-04		Thailand	19		5	0020-01-31 10:37:00
2020-02-04		Singapore	18			0020-02-02 01:03:00
2020-02-04	Hong Kong	Hong Kong	15			0020-02-02 23:53:00
2020-02-04	Qinghai	Mainland China	15			0020-02-04 01:33:00
2020-02-04		South Korea	15			0020-02-02 02:23:00
2020-02-04		Germany	12			0020-02-03 20:53:00
2020-02-04	Taiwan	Taiwan	10			0020-01-31 15:20:00
2020-02-04	Macau	Macau	8			0020-02-02 04:23:00
2020-02-04		Malaysia	8			0020-01-31 08:15:00
2020-02-04		Vietnam	8		1	0020-02-03 21:43:00
2020-02-04		France	6			0020-02-01 01:52:00
2020-02-04		United Arab Emirates	5			0020-02-02 05:43:00
2020-02-04	New South Wales	Australia	4		2	0020-02-01 18:12:00
2020-02-04	Victoria	Australia	4			0020-02-01 18:12:00
2020-02-04		India	3			0020-02-03 21:43:00
2020-02-04		Philippines	2	1		0020-02-02 03:33:00
2020-02-04	Queensland	Australia	2			0020-02-02 22:33:00
2020-02-04	South Australia	Australia	2			0020-02-02 22:33:00
2020-02-04	Toronto, ON	Canada	2			0020-02-04 00:13:00
2020-02-04		Italy	2			0020-01-31 08:15:00
2020-02-04		Russia	2			0020-01-31 16:13:00
2020-02-04		UK	2			0020-02-01 01:52:00
2020-02-04	Chicago, IL	US	2			0020-02-01 19:43:00
2020-02-04	San Benito, CA	US	2			0020-02-03 03:53:00
2020-02-04	Santa Clara, CA	US	2			0020-02-03 00:43:00
2020-02-04		Cambodia	1			0020-01-31 08:15:00
2020-02-04	British Columbia	Canada	1			0020-02-01 18:12:00
2020-02-04	London, ON	Canada	1			0020-02-04 00:03:00
2020-02-04		Finland	1			0020-01-31 08:15:00
2020-02-04	Tibet	Mainland China	1			0020-02-01 01:52:00
2020-02-04		Nepal	1			0020-01-31 08:15:00
2020-02-04		Spain	1			0020-02-01 23:43:00
2020-02-04		Sri Lanka	1			0020-01-31 08:15:00
2020-02-04		Sweden	1			0020-02-01 02:13:00
2020-02-04	Boston, MA	US	1			0020-02-01 19:43:00
2020-02-04	Los Angeles, CA	US	1			0020-02-01 19:53:00
2020-02-04	Orange, CA	US	1			0020-02-01 19:53:00
2020-02-04	Seattle, WA	US	1			0020-02-01 19:43:00
2020-02-04	Tempe, AZ	US	1			0020-02-01 19:43:00
2020-02-05	Hubei	Mainland China	13522	414	397	0020-02-04 09:43:00
2020-02-05	Zhejiang	Mainland China	829		62	0020-02-04 13:03:00
2020-02-05	Guangdong	Mainland China	813		30	0020-02-04 13:03:00
2020-02-05	Henan	Mainland China	675	2	27	0020-02-04 11:53:00
2020-02-05	Hunan	Mainland China	593		31	0020-02-04 14:03:00
2020-02-05	Anhui	Mainland China	480		20	0020-02-04 05:33:00
2020-02-05	Jiangxi	Mainland China	476		20	0020-02-04 14:43:00
2020-02-05	Chongqing	Mainland China	344	2	9	0020-02-04 08:23:00
2020-02-05	Jiangsu	Mainland China	308		12	0020-02-04 11:53:00
2020-02-05	Sichuan	Mainland China	282	1	14	0020-02-04 01:43:00
2020-02-05	Shandong	Mainland China	275		11	0020-02-04 12:03:00
2020-02-05	Beijing	Mainland China	228	1	23	0020-02-04 08:33:00
2020-02-05	Shanghai	Mainland China	219	1	12	0020-02-04 06:33:00
2020-02-05	Fujian	Mainland China	194		3	0020-02-04 12:13:00
2020-02-05	Heilongjiang	Mainland China	155	2	4	0020-02-04 07:43:00
2020-02-05	Shaanxi	Mainland China	142		2	0020-02-04 12:33:00
2020-02-05	Guangxi	Mainland China	139		10	0020-02-04 05:53:00
2020-02-05	Hebei	Mainland China	126	1	4	0020-02-04 08:53:00
2020-02-05	Yunnan	Mainland China	119		5	0020-02-04 07:03:00
2020-02-05	Liaoning	Mainland China	81		2	0020-02-04 14:13:00
2020-02-05	Hainan	Mainland China	80	1	5	0020-02-04 11:33:00
2020-02-05	Shanxi	Mainland China	74		4	0020-02-04 12:33:00
2020-02-05	Tianjin	Mainland China	67		2	0020-02-04 13:33:00
2020-02-05	Guizhou	Mainland China	58		2	0020-02-04 10:43:00
2020-02-05	Gansu	Mainland China	57		4	0020-02-04 15:43:00
2020-02-05	Jilin	Mainland China	42		1	0020-02-04 00:23:00
2020-02-05	Inner Mongolia	Mainland China	35		1	0020-02-04 03:03:00
2020-02-05	Ningxia	Mainland China	34		1	0020-02-04 02:13:00
2020-02-05	Xinjiang	Mainland China	29			0020-02-04 01:33:00
2020-02-05		Thailand	25		5	0020-02-04 15:33:00
2020-02-05		Singapore	24			0020-02-04 15:33:00
2020-02-05		Japan	22		1	0020-02-04 16:43:00
2020-02-05	Hong Kong	Hong Kong	17	1		0020-02-04 09:03:00
2020-02-05		South Korea	16			0020-02-04 15:33:00
2020-02-05	Qinghai	Mainland China	15			0020-02-04 01:33:00
2020-02-05		Germany	12			0020-02-03 20:53:00
2020-02-05	Taiwan	Taiwan	11			0020-02-04 14:53:00
2020-02-05	Macau	Macau	10			0020-02-04 04:43:00
2020-02-05		Malaysia	10			0020-02-04 07:33:00
2020-02-05		Vietnam	8		1	0020-02-03 21:43:00
2020-02-05		France	6			0020-02-01 01:52:00
2020-02-05		United Arab Emirates	5			0020-02-02 05:43:00
2020-02-05	New South Wales	Australia	4		2	0020-02-01 18:12:00
2020-02-05	Victoria	Australia	4			0020-02-01 18:12:00
2020-02-05	Queensland	Australia	3			0020-02-04 16:53:00
2020-02-05		India	3			0020-02-03 21:43:00
2020-02-05		Philippines	2	1		0020-02-02 03:33:00
2020-02-05	South Australia	Australia	2			0020-02-02 22:33:00
2020-02-05	Toronto, ON	Canada	2			0020-02-04 00:13:00
2020-02-05		Italy	2			0020-01-31 08:15:00
2020-02-05		Russia	2			0020-01-31 16:13:00
2020-02-05		UK	2			0020-02-01 01:52:00
2020-02-05	Chicago, IL	US	2			0020-02-01 19:43:00
2020-02-05	San Benito, CA	US	2			0020-02-03 03:53:00
2020-02-05	Santa Clara, CA	US	2			0020-02-03 00:43:00
2020-02-05		Belgium	1			0020-02-04 15:43:00
2020-02-05		Cambodia	1			0020-01-31 08:15:00
2020-02-05	British Columbia	Canada	1			0020-02-01 18:12:00
2020-02-05	London, ON	Canada	1			0020-02-04 00:03:00
2020-02-05		Finland	1			0020-01-31 08:15:00
2020-02-05	Tibet	Mainland China	1			0020-02-01 01:52:00
2020-02-05		Nepal	1			0020-01-31 08:15:00
2020-02-05		Spain	1			0020-02-01 23:43:00
2020-02-05		Sri Lanka	1			0020-01-31 08:15:00
2020-02-05		Sweden	1			0020-02-01 02:13:00
2020-02-05	Boston, MA	US	1			0020-02-01 19:43:00
2020-02-05	Los Angeles, CA	US	1			0020-02-01 19:53:00
2020-02-05	Orange, CA	US	1			0020-02-01 19:53:00
2020-02-05	Seattle, WA	US	1			0020-02-01 19:43:00
2020-02-05	Tempe, AZ	US	1			0020-02-01 19:43:00
